{"cameraMode":{"drawMode":0,"name":"Shaded","section":"Shading Mode"},"sceneLighting":true,"audioPlay":false,"sceneViewState":{"m_AlwaysRefresh":false,"showFog":true,"showSkybox":true,"showFlares":true,"showImageEffects":true,"showParticleSystems":true,"showVisualEffectGraphs":true,"m_FxEnabled":true},"in2DMode":false,"pivot":{"x":36.42884826660156,"y":-126.75701904296875,"z":92.85719299316406},"rotation":{"x":-0.48268240690231326,"y":-0.14815832674503327,"z":0.08316493779420853,"w":-0.8592441082000732},"size":120.06021881103516,"orthographic":false}