{"cameraMode":{"drawMode":0,"name":"Shaded","section":"Shading Mode"},"sceneLighting":true,"audioPlay":false,"sceneViewState":{"m_AlwaysRefresh":false,"showFog":true,"showSkybox":true,"showFlares":true,"showImageEffects":true,"showParticleSystems":true,"showVisualEffectGraphs":true,"m_FxEnabled":true},"in2DMode":false,"pivot":{"x":-14.688602447509766,"y":14.091399192810059,"z":28.583621978759767},"rotation":{"x":0.066935233771801,"y":0.5051336288452148,"z":0.03929055854678154,"w":-0.8595951795578003},"size":23.501338958740236,"orthographic":false}