{"cameraMode":{"drawMode":0,"name":"Shaded","section":"Shading Mode"},"sceneLighting":true,"audioPlay":false,"sceneViewState":{"m_AlwaysRefresh":false,"showFog":true,"showSkybox":true,"showFlares":true,"showImageEffects":true,"showParticleSystems":true,"showVisualEffectGraphs":true,"m_FxEnabled":true},"in2DMode":false,"pivot":{"x":1.1889005899429322,"y":2.2019288539886476,"z":2.087822198867798},"rotation":{"x":0.07587065547704697,"y":-0.9006995558738709,"z":0.17509125173091889,"w":0.39029261469841006},"size":0.09681619703769684,"orthographic":false}