{"cameraMode":{"drawMode":0,"name":"Shaded","section":"Shading Mode"},"sceneLighting":true,"audioPlay":false,"sceneViewState":{"m_AlwaysRefresh":false,"showFog":true,"showSkybox":true,"showFlares":true,"showImageEffects":true,"showParticleSystems":true,"showVisualEffectGraphs":true,"m_FxEnabled":true},"in2DMode":false,"pivot":{"x":3.0530447959899904,"y":1.2620928287506104,"z":0.4922354221343994},"rotation":{"x":0.06723529100418091,"y":0.734928548336029,"z":-0.07366172969341278,"w":0.6707808971405029},"size":2.5364086627960207,"orthographic":false}