{"cameraMode":{"drawMode":0,"name":"Shaded","section":"Shading Mode"},"sceneLighting":false,"audioPlay":false,"sceneViewState":{"m_AlwaysRefresh":false,"showFog":true,"showSkybox":false,"showFlares":true,"showImageEffects":true,"showParticleSystems":true,"showVisualEffectGraphs":true,"m_FxEnabled":true},"in2DMode":false,"pivot":{"x":19.805021286010743,"y":0.008595287799835205,"z":16.549339294433595},"rotation":{"x":0.2695857882499695,"y":-0.018779000267386438,"z":0.005248262081295252,"w":0.9628373980522156},"size":0.7675514221191406,"orthographic":false}