{"cameraMode":{"drawMode":0,"name":"Shaded","section":"Shading Mode"},"sceneLighting":false,"audioPlay":false,"sceneViewState":{"m_AlwaysRefresh":false,"showFog":true,"showSkybox":false,"showFlares":true,"showImageEffects":true,"showParticleSystems":true,"showVisualEffectGraphs":true,"m_FxEnabled":true},"in2DMode":false,"pivot":{"x":37.98985290527344,"y":0.08913659304380417,"z":20.129558563232423},"rotation":{"x":0.16307704150676728,"y":0.011836620979011059,"z":-0.0019471762934699655,"w":0.9866021275520325},"size":0.0965852290391922,"orthographic":false}