{"cameraMode":{"drawMode":0,"name":"Shaded","section":"Shading Mode"},"sceneLighting":false,"audioPlay":false,"sceneViewState":{"m_AlwaysRefresh":false,"showFog":true,"showSkybox":false,"showFlares":true,"showImageEffects":true,"showParticleSystems":true,"showVisualEffectGraphs":true,"m_FxEnabled":true},"in2DMode":false,"pivot":{"x":1.1550452709197999,"y":0.005595054477453232,"z":3.1374852657318117},"rotation":{"x":-0.12599816918373109,"y":-0.6754500865936279,"z":0.11872977763414383,"w":-0.7168049216270447},"size":0.03843850642442703,"orthographic":false}