{"cameraMode":{"drawMode":0,"name":"Shaded","section":"Shading Mode"},"sceneLighting":false,"audioPlay":false,"sceneViewState":{"m_AlwaysRefresh":false,"showFog":true,"showSkybox":false,"showFlares":true,"showImageEffects":true,"showParticleSystems":true,"showVisualEffectGraphs":true,"m_FxEnabled":true},"in2DMode":false,"pivot":{"x":10.275713920593262,"y":1.7017226219177247,"z":35.65095520019531},"rotation":{"x":-0.07494986802339554,"y":0.0872373878955841,"z":-0.006584526039659977,"w":-0.9933478236198425},"size":1.2837024927139283,"orthographic":false}