{"cameraMode":{"drawMode":0,"name":"Shaded","section":"Shading Mode"},"sceneLighting":false,"audioPlay":false,"sceneViewState":{"m_AlwaysRefresh":false,"showFog":true,"showSkybox":false,"showFlares":true,"showImageEffects":true,"showParticleSystems":true,"showVisualEffectGraphs":true,"m_FxEnabled":true},"in2DMode":false,"pivot":{"x":12.081689834594727,"y":0.6641026735305786,"z":24.92463493347168},"rotation":{"x":0.2695857882499695,"y":-0.018779000267386438,"z":0.005248262081295252,"w":0.9628373980522156},"size":1.0097354650497437,"orthographic":false}