{"cameraMode":{"drawMode":0,"name":"Shaded","section":"Shading Mode"},"sceneLighting":true,"audioPlay":false,"sceneViewState":{"m_AlwaysRefresh":false,"showFog":true,"showSkybox":true,"showFlares":true,"showImageEffects":true,"showParticleSystems":true,"showVisualEffectGraphs":true,"m_FxEnabled":true},"in2DMode":false,"pivot":{"x":23.625896453857423,"y":-7.879704475402832,"z":33.501502990722659},"rotation":{"x":-0.17771944403648377,"y":-0.03925677388906479,"z":0.007088537327945232,"w":-0.9832877516746521},"size":19.72806167602539,"orthographic":false}