{"cameraMode":{"drawMode":0,"name":"Shaded","section":"Shading Mode"},"sceneLighting":true,"audioPlay":false,"sceneViewState":{"m_AlwaysRefresh":false,"showFog":true,"showSkybox":true,"showFlares":true,"showImageEffects":true,"showParticleSystems":true,"showVisualEffectGraphs":true,"m_FxEnabled":true},"in2DMode":false,"pivot":{"x":33.1644401550293,"y":-11.236654281616211,"z":31.40845489501953},"rotation":{"x":0.3665499985218048,"y":0.012559191323816777,"z":-0.004939465783536434,"w":0.9303643703460693},"size":30.30489158630371,"orthographic":false}