{"cameraMode":{"drawMode":0,"name":"Shaded","section":"Shading Mode"},"sceneLighting":false,"audioPlay":false,"sceneViewState":{"m_AlwaysRefresh":false,"showFog":true,"showSkybox":false,"showFlares":true,"showImageEffects":true,"showParticleSystems":true,"showVisualEffectGraphs":true,"m_FxEnabled":true},"in2DMode":false,"pivot":{"x":0.012422263622283936,"y":0.01684623956680298,"z":0.175498366355896},"rotation":{"x":-0.4928223490715027,"y":-0.15292848646640778,"z":0.08844563364982605,"w":-0.8520156145095825},"size":0.7276166677474976,"orthographic":false}