{"cameraMode":{"drawMode":0,"name":"Shaded","section":"Shading Mode"},"sceneLighting":false,"audioPlay":false,"sceneViewState":{"m_AlwaysRefresh":false,"showFog":true,"showSkybox":false,"showFlares":true,"showImageEffects":true,"showParticleSystems":true,"showVisualEffectGraphs":true,"m_FxEnabled":true},"in2DMode":false,"pivot":{"x":-0.0143544040620327,"y":0.011621074751019478,"z":0.045546580106019977},"rotation":{"x":0.02806621976196766,"y":-0.1730540245771408,"z":0.004932390991598368,"w":0.9845046401023865},"size":0.07556809484958649,"orthographic":false}