{"cameraMode":{"drawMode":0,"name":"Shaded","section":"Shading Mode"},"sceneLighting":false,"audioPlay":false,"sceneViewState":{"m_AlwaysRefresh":false,"showFog":true,"showSkybox":false,"showFlares":true,"showImageEffects":true,"showParticleSystems":true,"showVisualEffectGraphs":true,"m_FxEnabled":true},"in2DMode":false,"pivot":{"x":0.003787800669670105,"y":0.1222686767578125,"z":-0.008251160383224488},"rotation":{"x":0.07547953724861145,"y":-0.7189924716949463,"z":0.07904510200023651,"w":0.6865236163139343},"size":1.6456764936447144,"orthographic":false}