{"cameraMode":{"drawMode":0,"name":"Shaded","section":"Shading Mode"},"sceneLighting":false,"audioPlay":false,"sceneViewState":{"m_AlwaysRefresh":false,"showFog":true,"showSkybox":false,"showFlares":true,"showImageEffects":true,"showParticleSystems":true,"showVisualEffectGraphs":true,"m_FxEnabled":true},"in2DMode":false,"pivot":{"x":22.67715835571289,"y":2.8890929222106935,"z":2.9562454223632814},"rotation":{"x":0.08664528280496597,"y":-0.7694497108459473,"z":0.10686655342578888,"w":0.6238830089569092},"size":1.1030089855194092,"orthographic":false}