{"cameraMode":{"drawMode":0,"name":"Shaded","section":"Shading Mode"},"sceneLighting":false,"audioPlay":false,"sceneViewState":{"m_AlwaysRefresh":false,"showFog":true,"showSkybox":false,"showFlares":true,"showImageEffects":true,"showParticleSystems":true,"showVisualEffectGraphs":true,"m_FxEnabled":true},"in2DMode":false,"pivot":{"x":10.334936141967774,"y":0.19343990087509156,"z":23.355663299560548},"rotation":{"x":0.13718636333942414,"y":0.6768530607223511,"z":-0.1305272877216339,"w":0.7114251255989075},"size":0.9017593860626221,"orthographic":false}