{"cameraMode":{"drawMode":0,"name":"Shaded","section":"Shading Mode"},"sceneLighting":false,"audioPlay":false,"sceneViewState":{"m_AlwaysRefresh":false,"showFog":true,"showSkybox":false,"showFlares":true,"showImageEffects":true,"showParticleSystems":true,"showVisualEffectGraphs":true,"m_FxEnabled":true},"in2DMode":false,"pivot":{"x":8.171575546264649,"y":-0.01841328665614128,"z":-2.8413400650024416},"rotation":{"x":0.050733763724565509,"y":0.710125207901001,"z":-0.05143803730607033,"w":0.7003763318061829},"size":0.19154006242752076,"orthographic":false}